Acanthastrea:
Acanthastrea, Hard Coral, Mussidae , Hard Coral
Acropora:
Acropora , Hard Coral , Acroporidae , Hard coral
Astreopora:
Astreopora , Hard Coral , Acroporidae , Hard coral
Cyphastrea:
Cyphastrea , Hard Coral , Faviidae , Hard coral
Favia:
Favia , Hard Coral , Faviidae , Hard coral
Fungia:
Fungia , Hard Coral , Fungiidae , Hard coral
Gardineroseris:
Gardineroseris , Hard Coral , Agariciidae , Hard coral
Herpolitha:
Herpolitha , Hard Coral , Fungiidae , Hard coral
Leptastrea:
Leptastrea , Hard Coral , Faviidae , Hard coral
Leptoseris:
Leptoseris , Hard Coral , Agariciidae , Hard coral
Lobophyllia:
Lobophyllia , Hard Coral , Mussidae , Hard Coral
Montastrea:
Montastrea , Hard Coral , Faviidae , Hard coral
Montipora:
Montipora , Hard Coral , Acroporidae , Hard coral
Pachyseris:
Pachyseris , Hard Coral , Agariciidae , Hard coral
Pavona:
Pavona , Hard Coral , Agariciidae , Hard coral
Pocillopora:
Pocillopora , Hard Coral , Pocilloporiidae , Hard coral
Porites:
Porites , Hard Coral , Poritidae , Hard coral
Psammocora:
Psammocora , Hard Coral , Siderastreidae , Hard coral
Sandolitha:
Sandolitha , Hard Coral , Fungiidae , Hard coral
Echinopora:
Echinopora , Hard Coral , Faviidae , Hard coral
Tubastrea:
Tubastrea , Hard Coral , Dendrophyliidae , Hard coral
Other scleractinians:
Coscinaraea , Hard Coral , Siderastreidae , Hard coral
Ctenactis , Hard Coral , Fungiidae , Hard coral
Cycloseris , Hard Coral , Fungiidae , Hard coral
Echinophyllia , Hard Coral , Pectiniidae , Hard coral
Favities , Hard Coral , Faviidae , Hard coral
Galaxaura , Calc Macro , Rhodophyta , Macro
Galaxea , Hard Coral , Oculinidae , Hard coral
Goniastrea , Hard Coral , Faviidae , Hard coral
Goniopora , Hard Coral , Poritidae , Hard coral
Halomitra , Hard Coral , Fungiidae , Hard coral
Hydnophora , Hard Coral , Merulinidae , Hard coral
Leptoria , Hard Coral , Faviidae , Hard coral
Merulina , Hard Coral , Merulinidae , Hard coral
Platygyra , Hard Coral , Faviidae , Hard coral
Seriatopora , Hard Coral , Pocilloporiidae , Hard coral
Symphyllia , Hard Coral , Mussidae , Hard Coral
Sytlophora , Hard Coral , Pocilloporiidae , Hard coral
Turbinaria , Hard Coral , Dendrophyliidae , Hard coral
Alveopora , Hard Coral , Poritidae , Hard coral
Oulophyllia , Hard Coral, Favidae , Hard coral
Sand:
Sand , Nonbiological , Nonbiological ,  Nonbiological
CCA:
Porolithon craspedium,
Crustose Coralline , CCA , Rhodophyta , CCA
Red Calc Crust , Calc Crust , Rhodophyta , Macro
Turf:
Green turf,
Red turf,
Mixed turf , Turf , Turf , Turf
Bare space:
Dead coral,
Rubble,
Limestone , Nonbiological ,  Nonbiological , Nonbiological
Basalt, Nonbiological, Nonbiological, Nonbiological
Macroalgae:
Caulerpa cupressoides,
Caulerpa serrulata v. spiralis,
Caulerpa urvilliana,
Codium arabicum,
Codium branching,
Halimeda gracilis,
Halimeda melanesica,
Halimeda taenicola,
Halimeda velasquesii,
Avrainvillea , Fleshy Macro , Chlorophyta , Macro
Red Fleshy Macro , Fleshy Macro , Rhodophyta , Macro
Red Fleshy Calcified , Calc Macro , Rhodophyta , Macro
Brown Crust , Fleshy Crust , Phaeophyta , Macro
Brown Fleshy Macro , Fleshy Macro , Phaeophyta , Macro
Caulerpa , Fleshy Macro , Chlorophyta , Macro
Chlorodesmis, Fleshy Macro, Chlorophyta, Macro
Cladophoropsis , Fleshy Macro , Chlorophyta , Macro
Codium , Fleshy Macro , Chlorophyta , Macro
Cyanobacteria , Fleshy Macro , Cyanophyta , Macro
Dictyosphaeria cavernosa , Fleshy Macro , Chlorophyta , Macro
Dictyosphaeria verslusii , Fleshy Macro , Chlorophyta , Macro
Dictyota sp. , Fleshy Macro , Phaeophyta , Macro
Green Crust , Fleshy Crust , Chlorophyta , Macro
Green Fleshy Macro , Fleshy Macro , Chlorophyta , Macro
Halimeda , Calc Macro , Chlorophyta , Halimeda
Hypnea nidulans , Fleshy Macro , Rhodophyta , Macro
Leptofauchia , Fleshy Macro , Rhodophyta , Macro
Microdictyon okamurae , Fleshy Macro , Chlorophyta , Macro
Neomeris sp. , Fleshy Macro , Chlorophyta , Macro
Padina sp. , Calc Macro , Phaeophyta , Macro
Palmophyllum, Fleshy Macro, Chlorophyta, Macro
Peyssonnelia sp. , Calc Crust , Rhodophyta , Macro
Sargassum sp. , Fleshy Macro , Phaeophyta , Macro
Turbinaria sp. , Fleshy Macro , Phaeophyta , Macro
Ulva sp. , Fleshy Macro , Chlorophyta , Macro
Valonia fastigiata , Fleshy Macro , Chlorophyta , Macro
Rhipilia, Fleshy Macro, Chlorophyta, Macro
Lobophora variegata , Fleshy Crust , Phaeophyta , Macro
Soft Coral:
octocoral,
Sarcophyton,
Stereonephrea,
Lobophytum,
Sinularia,
Octocoral , Soft Coral , Octocorallia , Invertebrate
Gorgonian , Soft Coral , Octocorallia , Invertebrate
Leather coral , Soft Coral , Octocorallia , Invertebrate
Millepora:
Millipora , Hard Coral , Capitata , Hard Coral
All other labels:
Cladiella,
Cryptodendrum,
Diadema,
Echinometra,
Echinothrix,
Heteractis,
Holothurian,
Anemone , Invertebrate , Anthozoa , Invertebrate
Black coral , Soft Coral , Hexacorallia , Invertebrate
Bryozoan, Invertebrate, Bryozoa, Invertebrate
Corallimoprh , Soft Coral , Hexacorallia , Invertebrate
Green discosoma , Invertebrate , Tunicata , Invertebrate
Hydroid , Invertebrate , Hydrozoa , Invertebrate
Lace Coral , Invertebrate , Filifera , Invertebrate
Mud, Nonbiological, Nonbiological, Nonbiological
Other1 , xData1 , xData2 , xData3
Other2 , xData1 , xData2 , xData3
Other3 , xData1 , xData2 , xData3
Other4 , xData1 , xData2 , xData3
Tridacna , Invertebrate , Mollusca , Invertebrate
Tunicate , Invertebrate , Tunicata , Invertebrate
Zooanthid , Invertebrate , Hexacorallia , Invertebrate
Sponge:
Sponge , Invertebrate , Porifera , Invertebrate
